image,label,logit_f3net,logit_FIRE,logit_freqnet,logit_spsl,logit_srm
VGFACE2/n000002/0001_01.jpg,0,-2.384286403656006,-1.0431345701217651,-27.20876884460449,-0.133469209074974,-0.1803971081972122
VGFACE2/n000003/0001_01.jpg,0,-1.552053689956665,7.611192226409912,-32.75246810913086,-0.2020457684993744,-0.2515773475170135
VGFACE2/n000004/0001_01.jpg,0,-0.5453669428825378,7.499751091003418,-20.36112403869629,1.4448635578155518,-0.243662804365158
VGFACE2/n000005/0001_01.jpg,0,-0.9984399676322936,-8.8765287399292,-32.81197738647461,0.0390462055802345,0.1486530005931854
VGFACE2/n000006/0001_01.jpg,0,0.3185076415538788,-2.55734658241272,-28.863452911376957,0.1189815253019332,0.0082604605704545
VGFACE2/n000007/0001_01.jpg,0,1.6618691682815552,-8.71182918548584,-24.73287773132324,1.676706314086914,0.2319089472293853
VGFACE2/n000008/0001_01.jpg,0,-0.3198988437652588,11.000300407409668,-16.542089462280273,0.6162189245223999,-0.0806966349482536
VGFACE2/n000010/0001_01.jpg,0,1.0405782461166382,9.438315391540527,-31.719459533691406,1.3697670698165894,0.3016435205936432
VGFACE2/n000011/0001_01.jpg,0,-1.1887966394424438,5.099745750427246,-24.080799102783203,0.9669948220252992,0.1129206791520118
VGFACE2/n000012/0001_01.jpg,0,-0.8088528513908386,12.357994079589844,-46.125484466552734,0.4974101483821869,0.2601324915885925
VGFACE2/n000013/0001_01.jpg,0,-0.1307197511196136,12.58230686187744,-33.60808181762695,-0.5104572176933289,-0.1500440090894699
VGFACE2/n000014/0001_01.jpg,0,-0.3117159008979797,-1.3254787921905518,-20.9908447265625,0.7717728018760681,-0.1377901285886764
VGFACE2/n000015/0001_01.jpg,0,-2.000483751296997,13.025425910949709,-36.73503494262695,-0.6600366830825806,-0.2312199473381042
VGFACE2/n000016/0001_02.jpg,0,-1.3490334749221802,9.097102165222168,-16.02774429321289,1.5807409286499023,-0.2888495624065399
VGFACE2/n000017/0001_01.jpg,0,-0.5921764373779297,-3.5773301124572754,-22.538280487060547,1.2600104808807373,0.2836230993270874
VGFACE2/n000018/0001_01.jpg,0,-0.0911526381969451,-5.781993389129639,-25.25109100341797,1.495197892189026,-0.2524595260620117
VGFACE2/n000019/0001_01.jpg,0,-1.4138754606246948,12.450087547302246,-24.560583114624023,-0.0641973987221717,0.3306602835655212
VGFACE2/n000020/0001_01.jpg,0,0.2250652611255645,-17.09218406677246,-27.94450187683105,2.6001524925231934,-0.0567651391029357
VGFACE2/n000021/0001_01.jpg,0,-0.3593572378158569,11.880670547485352,-13.805562019348145,-0.0695583373308181,-0.100082166492939
VGFACE2/n000022/0001_01.jpg,0,-1.4484970569610596,3.9868602752685542,-36.219512939453125,-0.323607325553894,-0.295713871717453
VGFACE2/n000023/0001_01.jpg,0,-0.3820347189903259,1.520647048950195,-17.10982322692871,1.1139681339263916,-0.2665554881095886
VGFACE2/n000024/0001_01.jpg,0,-2.079023838043213,11.424235343933104,-23.472213745117188,0.5110438466072083,-0.1182648316025734
VGFACE2/n000025/0001_01.jpg,0,-1.833245038986206,12.384297370910645,-30.23905372619629,0.3714836239814758,-0.1642490476369857
VGFACE2/n000026/0001_01.jpg,0,-0.2134748846292495,-7.642669677734375,-6.967947483062744,1.4699382781982422,-0.1853126734495163
VGFACE2/n000027/0001_01.jpg,0,-1.3806638717651367,-6.067932605743408,-24.865610122680664,0.0378073193132877,-0.2633102536201477
VGFACE2/n000028/0001_01.jpg,0,-1.3617727756500244,9.50155258178711,-24.623313903808597,-0.2422824651002884,-0.1789614260196685
VGFACE2/n000030/0001_01.jpg,0,-0.4845276772975921,-15.431690216064451,-16.923809051513672,-0.1940301060676574,-0.2317220270633697
VGFACE2/n000031/0001_01.jpg,0,-1.971199870109558,-9.37232494354248,-23.815540313720703,-0.2906608581542969,-0.314900279045105
VGFACE2/n000032/0001_01.jpg,0,-1.51677143573761,10.577065467834473,-21.08844757080078,-0.5471018552780151,-0.3085198700428009
VGFACE2/n000033/0001_01.jpg,0,-1.0817686319351196,8.190878868103027,-16.83568572998047,-0.1682366877794265,-0.3262775540351867
VGFACE2/n000034/0001_01.jpg,0,-1.4684785604476929,-6.111814975738525,-20.06970977783203,-1.2112901210784912,-0.076405145227909
VGFACE2/n000035/0001_01.jpg,0,-0.9052113890647888,10.69907569885254,-29.18330764770508,-0.1366151571273803,-0.2469877749681472
VGFACE2/n000036/0001_01.jpg,0,0.8543527126312256,8.128289222717285,-28.051727294921875,1.040452241897583,-0.2607521414756775
VGFACE2/n000037/0001_01.jpg,0,-0.7704414129257202,12.12730312347412,-26.18790054321289,0.9141766428947448,-0.1437672972679138
VGFACE2/n000038/0001_01.jpg,0,-0.206522449851036,11.880749702453612,-21.00506591796875,0.0553704500198364,-0.213353618979454
VGFACE2/n000039/0001_01.jpg,0,-1.0123882293701172,3.93188214302063,-22.82892608642578,0.3202265501022339,-0.2707012295722961
VGFACE2/n000041/0001_01.jpg,0,-1.35962975025177,7.561585426330566,-23.48403549194336,-0.4483042359352112,-0.0183887649327516
VGFACE2/n000042/0001_01.jpg,0,-0.1828814893960952,5.054780960083008,-29.254323959350582,-0.0144357159733772,-0.2181087732315063
VGFACE2/n000043/0001_01.jpg,0,-0.0390045456588268,4.929888725280762,-35.214805603027344,1.916073203086853,0.2418520599603653
VGFACE2/n000044/0001_01.jpg,0,-1.051306962966919,1.5108799934387207,-27.938081741333008,1.1023980379104614,-0.2594744861125946
VGFACE2/n000045/0001_01.jpg,0,-0.0727269425988197,3.025601863861084,-27.168615341186523,0.1461245715618133,-0.1749357730150222
VGFACE2/n000046/0001_02.jpg,0,-1.3784734010696411,10.023940086364746,-17.578035354614258,0.3084903061389923,-0.1889432817697525
VGFACE2/n000047/0001_01.jpg,0,0.0174087435007095,11.620067596435549,-13.627863883972168,1.6450592279434204,-0.177216500043869
VGFACE2/n000048/0001_01.jpg,0,-1.1468455791473389,-6.313872337341309,-28.938907623291016,0.122519813477993,-0.3101250231266022
VGFACE2/n000049/0001_02.jpg,0,-0.1364909559488296,12.963130950927734,-27.907129287719727,2.098142385482788,0.225320428609848
VGFACE2/n000050/0001_01.jpg,0,-0.0849619433283805,12.364908218383787,-30.95912170410156,0.0433417707681655,-0.0782362520694732
VGFACE2/n000051/0001_01.jpg,0,-0.5529646873474121,-0.8778634667396545,-21.5275936126709,0.9630128741264344,-0.2716293036937713
VGFACE2/n000052/0001_02.jpg,0,-0.5641568899154663,11.305296897888184,-35.586238861083984,0.8434429168701172,-0.1118170917034149
VGFACE2/n000053/0001_01.jpg,0,-1.2884163856506348,11.364575386047363,-20.497358322143555,-0.1645093709230423,-0.25334632396698
VGFACE2/n000054/0001_02.jpg,0,-0.0304457265883684,1.3897755146026611,-15.99972152709961,1.5041269063949585,0.3265861868858337
VGFACE2/n000055/0001_01.jpg,0,-0.6079580187797546,11.278958320617676,-20.922409057617188,-0.1086674705147743,-0.2404040843248367
VGFACE2/n000056/0001_01.jpg,0,-0.8005995750427246,6.643337726593018,-34.63079071044922,-0.624505341053009,-0.2649813592433929
VGFACE2/n000057/0001_01.jpg,0,-0.1626504361629486,-5.553755283355713,-34.84542465209961,0.6663795709609985,0.250306099653244
VGFACE2/n000058/0001_01.jpg,0,-1.6355236768722534,-18.860614776611328,-26.335620880126957,-0.3381990194320678,-0.2941518723964691
VGFACE2/n000059/0001_01.jpg,0,-1.477879285812378,-9.134160041809082,-27.82832717895508,-0.3892359733581543,-0.1341336965560913
VGFACE2/n000060/0001_01.jpg,0,0.028589054942131,8.234200477600098,-23.588382720947266,2.392472267150879,-0.220795065164566
VGFACE2/n000061/0001_01.jpg,0,-1.0147013664245603,7.242425918579102,-23.46234893798828,0.8703393936157227,0.1901924461126327
VGFACE2/n000062/0001_01.jpg,0,-1.2574772834777832,-8.373578071594238,-31.807886123657227,1.3895879983901978,-0.2020697891712188
VGFACE2/n000063/0001_01.jpg,0,-2.6749355792999268,-15.152472496032717,-22.224098205566406,-0.1036183387041091,-0.2706618905067444
VGFACE2/n000064/0001_01.jpg,0,-0.8983281254768372,-10.731719017028809,-21.10892677307129,-0.9618765115737916,-0.2987292408943176
VGFACE2/n000065/0001_01.jpg,0,-0.8292384743690491,4.969916343688965,-18.53074073791504,1.8781816959381104,-0.2196078300476074
VGFACE2/n000066/0001_03.jpg,0,-1.2326825857162476,-15.779977798461914,-35.2138557434082,0.1362719088792801,-0.2644496262073517
VGFACE2/n000067/0001_01.jpg,0,-0.317186176776886,7.687503337860107,-23.604639053344727,0.5402284264564514,-0.1422244757413864
VGFACE2/n000068/0001_01.jpg,0,-1.699245572090149,11.990057945251465,-13.081778526306152,1.2611043453216553,0.2195663303136825
VGFACE2/n000069/0001_01.jpg,0,0.3992610871791839,-4.979732513427734,-33.94169235229492,1.5523431301116943,0.2211264371871948
VGFACE2/n000070/0001_01.jpg,0,-1.7871692180633545,-4.838863372802734,-7.8498969078063965,0.9555280804634094,-0.2630508840084076
VGFACE2/n000071/0001_01.jpg,0,-1.2207129001617432,12.207730293273926,-21.951637268066406,0.1016152650117874,-0.1800223737955093
VGFACE2/n000072/0001_01.jpg,0,-0.2303679436445236,9.933696746826172,-22.759418487548828,0.8028485774993896,0.0073316819034516
VGFACE2/n000073/0001_01.jpg,0,1.514417052268982,10.351951599121094,24.69845962524414,0.0091787129640579,0.2328027635812759
VGFACE2/n000074/0001_01.jpg,0,-1.424156665802002,-1.7215514183044434,-23.713850021362305,1.3038262128829956,-0.2948524057865143
VGFACE2/n000075/0001_01.jpg,0,-2.2657010555267334,12.665677070617676,-37.30819320678711,-0.2372646778821945,-0.2178523987531662
VGFACE2/n000076/0001_01.jpg,0,-2.525283098220825,8.803805351257324,-26.747119903564453,-0.7757758498191833,-0.2759401500225067
VGFACE2/n000077/0001_01.jpg,0,0.8800748586654663,11.130918502807615,-28.765226364135746,1.053843975067139,0.1767276227474212
VGFACE2/n000079/0001_01.jpg,0,-0.8331016898155212,12.093199729919434,-22.786151885986328,1.2985464334487915,-0.0588980168104171
VGFACE2/n000080/0001_01.jpg,0,-1.331228494644165,11.009438514709473,-23.32850646972656,1.1040894985198977,-0.2751247882843017
VGFACE2/n000081/0001_01.jpg,0,-0.5494365692138672,-11.84615993499756,-24.43436813354492,0.3699736297130584,-0.1444898694753646
VGFACE2/n000083/0001_01.jpg,0,-0.3023435473442077,8.37269115447998,-14.825483322143556,2.486548900604248,-0.1550368964672088
VGFACE2/n000084/0001_02.jpg,0,-2.4235689640045166,2.7852821350097656,-30.67744255065918,0.1349985897541046,-0.2638392746448517
VGFACE2/n000085/0001_01.jpg,0,-2.399985313415528,-14.538061141967772,-30.80516815185547,-0.3291469812393188,-0.3018943071365356
VGFACE2/n000086/0001_01.jpg,0,-0.9386385679244996,-2.3569817543029785,-20.284034729003903,1.8595881462097168,-0.2793180644512176
VGFACE2/n000087/0001_01.jpg,0,-0.5192497968673706,10.750967979431152,-13.598980903625488,-0.1297885626554489,-0.1605966985225677
VGFACE2/n000088/0001_01.jpg,0,-2.8952651023864746,-17.699398040771484,-23.141096115112305,-0.734724760055542,-0.2889508306980133
VGFACE2/n000089/0001_04.jpg,0,-0.5875871181488037,12.876774787902832,-11.859286308288574,0.346873790025711,-0.206298142671585
VGFACE2/n000090/0001_01.jpg,0,-1.3922346830368042,-9.1989107131958,-27.064796447753903,0.8894210457801819,-0.2529646158218384
VGFACE2/n000091/0001_01.jpg,0,-0.589388906955719,6.667603492736816,-30.313573837280277,1.8047993183135984,0.2001626938581466
VGFACE2/n000092/0001_01.jpg,0,-1.801491379737854,11.36885929107666,-26.66958236694336,-0.5434255003929138,0.0645976066589355
VGFACE2/n000093/0001_01.jpg,0,-0.518389880657196,11.00964069366455,-27.54705047607422,1.035907506942749,-0.1879238337278366
VGFACE2/n000094/0001_01.jpg,0,-0.4112599194049835,12.50378131866455,-26.94203186035156,-0.0977639481425285,-0.2081078886985778
VGFACE2/n000095/0001_01.jpg,0,0.0818236544728279,8.442024230957031,-20.214754104614254,0.4573428034782409,0.2678470909595489
VGFACE2/n000096/0001_01.jpg,0,-1.1193087100982666,10.265498161315918,-27.414875030517575,-0.4604372382164001,-0.319604754447937
VGFACE2/n000097/0001_01.jpg,0,-0.4636323153972626,10.867047309875488,-28.33869743347168,1.9679304361343384,-0.007777330931276
VGFACE2/n000098/0001_01.jpg,0,-2.0794155597686768,-8.791132926940918,-25.191560745239254,1.5217660665512085,0.1240900158882141
VGFACE2/n000099/0001_01.jpg,0,-1.438781499862671,-6.617389678955078,-31.28276824951172,-0.063435211777687,-0.1527265012264251
VGFACE2/n000100/0001_01.jpg,0,-0.2866126596927643,13.540948867797852,-24.93214225769043,1.009851574897766,0.0683927088975906
VGFACE2/n000101/0001_01.jpg,0,-1.0157769918441772,6.469902038574219,-23.75832748413086,-0.4773249626159668,-0.2800768911838531
VGFACE2/n000102/0001_01.jpg,0,-0.1674882769584655,-3.777834177017212,-33.58658981323242,0.052812784910202,-0.028534272685647
VGFACE2/n000103/0001_01.jpg,0,-0.892507016658783,2.9929287433624268,-29.812225341796875,-0.2733478248119354,-0.294432520866394
VGFACE2/n000104/0001_01.jpg,0,0.8280775547027588,-6.83143424987793,-21.877277374267575,4.663268089294434,0.2222583889961242
VGFACE2/n000105/0001_02.jpg,0,-0.0585025809705257,12.137486457824709,-25.05034065246582,1.2623622417449951,-0.2191784977912902
VGFACE2/n000107/0001_01.jpg,0,-0.2693967521190643,12.205772399902344,6.544286251068115,1.9363564252853396,-0.2076684832572937
VGFACE2/n000108/0001_01.jpg,0,-2.056039571762085,-14.395827293395996,-19.774227142333984,-0.4385379254817962,-0.3085378110408783
VGFACE2/n000109/0001_01.jpg,0,-2.44286847114563,4.944108963012695,-35.333839416503906,0.3689265251159668,-0.1139702796936035
VGFACE2/n000110/0001_01.jpg,0,0.5747067332267761,-17.081735610961914,-24.230735778808597,1.7520174980163574,0.1653405129909515
VGFACE2/n000111/0001_01.jpg,0,-0.4986565709114074,7.91417121887207,-35.7283821105957,1.2914795875549316,-0.1349842548370361
VGFACE2/n000112/0001_01.jpg,0,-0.652961790561676,-7.969298839569092,-18.862308502197266,2.235194683074951,0.1231735274195671
VGFACE2/n000113/0001_02.jpg,0,-1.8207001686096191,12.092287063598633,-33.375370025634766,1.7598620653152466,-0.2329798936843872
VGFACE2/n000114/0001_01.jpg,0,-2.093008518218994,-3.311353206634521,-34.982120513916016,-0.9934553503990172,-0.2670966684818268
VGFACE2/n000115/0001_01.jpg,0,-1.1355676651000977,-9.549761772155762,-16.850666046142578,0.9380565285682678,-0.3169750869274139
VGFACE2/n000116/0001_01.jpg,0,-1.2582921981811523,-11.766474723815918,-18.14436912536621,0.405348002910614,-0.2381398379802703
VGFACE2/n000117/0001_01.jpg,0,0.3119079172611236,11.627924919128418,5.181818008422852,0.7242668867111206,-0.1778191775083542
VGFACE2/n000118/0001_01.jpg,0,0.3694287240505218,-12.685542106628418,-26.374645233154297,0.8094785213470459,0.2269990742206573
VGFACE2/n000119/0001_01.jpg,0,-0.8253368139266968,8.929518699645996,-28.098468780517575,0.8022481799125671,-0.1752734631299972
VGFACE2/n000120/0001_01.jpg,0,0.3551895916461944,-14.2406005859375,-27.975635528564453,-0.6204705238342285,0.0157638080418109
VGFACE2/n000121/0001_01.jpg,0,-0.1682832986116409,13.54976749420166,23.74768447875977,-0.0644065886735916,-0.1854607164859771
VGFACE2/n000122/0001_01.jpg,0,-0.528689980506897,10.040026664733888,8.357791900634766,3.2110486030578613,0.0266986023634672
VGFACE2/n000123/0001_01.jpg,0,-0.9130455255508424,12.858931541442873,-19.05045318603516,0.8881822824478149,-0.2432329356670379
VGFACE2/n000124/0001_01.jpg,0,-0.54100501537323,-4.435585021972656,-27.520469665527344,0.3955049812793731,-0.1926334053277969
VGFACE2/n000125/0001_01.jpg,0,-1.5364055633544922,2.382885694503784,-36.01298904418945,-0.6233910322189331,-0.2181598544120788
VGFACE2/n000126/0001_01.jpg,0,-0.6652658581733704,-15.652018547058104,-26.98506546020508,-0.543984591960907,-0.0553573630750179
VGFACE2/n000127/0001_01.jpg,0,-0.2604000270366668,3.0729851722717285,-14.423304557800291,1.2325420379638672,0.2239133268594741
VGFACE2/n000128/0001_01.jpg,0,-1.258392333984375,7.137042999267578,-20.22499656677246,-0.2489198893308639,-0.1598093062639236
VGFACE2/n000130/0001_01.jpg,0,-0.5463981628417969,5.178577899932861,-21.14529037475586,0.6163181066513062,-0.1907614767551422
VGFACE2/n000131/0001_02.jpg,0,-1.2328705787658691,-14.035621643066406,-18.55126571655273,0.5261232852935791,-0.3104945123195648
VGFACE2/n000132/0001_01.jpg,0,-1.0781642198562622,-15.107443809509276,-23.541187286376957,-0.2474443912506103,-0.2847108542919159
VGFACE2/n000133/0001_01.jpg,0,-1.3797754049301147,9.733166694641112,-23.191669464111328,0.252621442079544,-0.3294811248779297
VGFACE2/n000134/0001_01.jpg,0,-0.8501030206680298,6.452567100524902,-21.19974136352539,0.1940122544765472,-0.2110367566347122
VGFACE2/n000135/0001_01.jpg,0,-0.5388587713241577,5.193402290344238,-24.367618560791016,0.7216283082962036,0.2776985764503479
VGFACE2/n000136/0001_01.jpg,0,-0.1247807815670967,10.409290313720703,11.351801872253418,2.161599636077881,0.1621813029050827
VGFACE2/n000137/0001_01.jpg,0,0.4319035410881042,5.296223640441895,-9.359843254089355,0.7587472796440125,0.0685238316655159
VGFACE2/n000138/0001_01.jpg,0,-0.9823624491691588,12.038926124572754,-20.62837219238281,1.1159656047821045,-0.2567257881164551
VGFACE2/n000139/0001_01.jpg,0,-0.4963554143905639,-3.293745517730713,-26.867019653320312,0.1494349241256714,0.1659042537212371
VGFACE2/n000140/0001_01.jpg,0,-0.5196132063865662,0.4957977533340454,-18.85500717163086,1.093509554862976,-0.2108818888664245
VGFACE2/n000141/0001_01.jpg,0,-2.036545515060425,9.344460487365724,-30.646465301513672,-0.3031436502933502,0.1415725201368332
VGFACE2/n000142/0001_01.jpg,0,-1.329747438430786,5.169114589691162,-18.234302520751957,-0.0212601050734519,-0.2694554030895233
VGFACE2/n000143/0001_01.jpg,0,-0.5502519607543945,-5.623752117156982,-16.604251861572266,0.0511454418301582,-0.2565032839775085
VGFACE2/n000144/0001_01.jpg,0,-0.7597908973693848,12.011462211608888,5.593238830566406,0.1545663774013519,-0.2186366021633148
VGFACE2/n000145/0001_01.jpg,0,-1.5431005954742432,-6.623662948608398,-23.34288215637207,-0.7034033536911011,-0.2291119396686554
VGFACE2/n000146/0001_01.jpg,0,-0.3851959705352783,-4.561628341674805,-32.69781875610352,-0.1141126900911331,0.1367663592100143
VGFACE2/n000150/0001_01.jpg,0,-0.8880301713943481,11.3326997756958,-27.689044952392575,0.1355690062046051,-0.275094598531723
VGFACE2/n000151/0001_01.jpg,0,-1.3966031074523926,10.311199188232422,-22.088403701782227,0.2472289651632309,0.1758403331041336
VGFACE2/n000152/0001_01.jpg,0,-1.067963719367981,3.1273064613342285,-25.500732421875,0.2156273126602172,-0.3138535916805267
VGFACE2/n000154/0002_01.jpg,0,-0.4758014380931854,12.775506019592283,-36.80144119262695,-0.0385570600628852,-0.2412835657596588
VGFACE2/n000155/0001_02.jpg,0,-2.11895489692688,1.503861904144287,-26.66224670410156,-0.2524440288543701,-0.2168979197740554
VGFACE2/n000156/0001_01.jpg,0,-0.6350864768028259,-4.617732048034668,-32.02933120727539,0.8489845991134644,-0.0837194696068763
VGFACE2/n000157/0001_02.jpg,0,0.1705538630485534,4.190890312194824,-10.596921920776367,1.7091431617736816,0.1264500021934509
VGFACE2/n000158/0001_01.jpg,0,-0.6776064038276672,6.955770492553711,-38.59929275512695,-0.1663384735584259,-0.2182140946388244
VGFACE2/n000159/0001_01.jpg,0,-1.0575536489486694,-14.704075813293455,-29.2708797454834,0.6717981696128845,-0.1360929608345031
VGFACE2/n000160/0001_01.jpg,0,-1.607245922088623,-5.915050506591797,-29.276594161987305,0.6166283488273621,-0.2377941608428955
VGFACE2/n000161/0001_01.jpg,0,-0.3860691785812378,8.382608413696289,-26.65560340881348,-0.4995830655097961,-0.2439379692077636
VGFACE2/n000162/0001_01.jpg,0,-0.1314623653888702,-15.837946891784668,-24.010534286499023,1.6160012483596802,0.2212262153625488
VGFACE2/n000163/0001_01.jpg,0,-0.3201019167900085,6.380841255187988,-34.644989013671875,0.6328407526016235,0.165404811501503
VGFACE2/n000164/0001_01.jpg,0,-1.40861177444458,1.8435579538345337,-28.344858169555664,-0.4430442452430725,-0.2327492535114288
VGFACE2/n000165/0001_01.jpg,0,-0.6549038887023926,7.573727607727051,-21.66005516052246,-0.1784697026014328,-0.2876625061035156
VGFACE2/n000166/0001_01.jpg,0,-0.0554355792701244,-5.895136833190918,-31.095460891723636,0.0338609740138053,-0.1711657047271728
VGFACE2/n000167/0001_01.jpg,0,0.3366239070892334,9.234219551086426,-25.11289978027344,0.2297036051750183,-0.0236326064914464
VGFACE2/n000168/0001_01.jpg,0,-0.7992244958877563,12.25255298614502,-12.275107383728027,1.913361668586731,-0.2593039274215698
VGFACE2/n000169/0001_01.jpg,0,-1.1683026552200315,-10.01878261566162,-31.572206497192383,-0.0170550737529993,-0.1137617006897926
VGFACE2/n000170/0001_01.jpg,0,-1.903298020362854,12.248408317565918,-21.85622978210449,-0.1835183799266815,-0.2559181749820709
VGFACE2/n000171/0001_01.jpg,0,-0.4082411527633667,13.134881973266602,-21.109840393066406,-0.2738871574401855,-0.2294018417596817
VGFACE2/n000172/0001_02.jpg,0,-1.721925973892212,-3.745399475097656,-13.735068321228027,-0.6975395679473877,-0.2985708713531494
VGFACE2/n000173/0001_01.jpg,0,-0.7524255514144897,8.161251068115234,-4.617664813995361,0.7674252986907959,-0.2141093313694
VGFACE2/n000174/0001_01.jpg,0,-0.6466588973999023,1.6295511722564695,-37.09846115112305,0.9952408671379088,0.0675967335700988
VGFACE2/n000175/0001_01.jpg,0,-0.5307232737541199,-9.178603172302246,-22.669811248779297,0.9932727217674256,-0.1520951986312866
VGFACE2/n000176/0001_02.jpg,0,0.8502511978149414,-14.259586334228516,-32.30038070678711,-0.0550963133573532,0.2865325510501861
VGFACE2/n000177/0001_01.jpg,0,-1.1216050386428833,-13.736187934875488,-32.23681640625,-0.2317129373550415,-0.1619822531938552
VGFACE2/n000179/0001_01.jpg,0,-0.4622392058372497,12.90418529510498,-32.724796295166016,-0.1323555707931518,0.2549467384815216
VGFACE2/n000180/0001_01.jpg,0,-1.1837856769561768,9.68421459197998,-21.97216796875,-0.6870157122612,-0.2551960945129394
VGFACE2/n000181/0001_01.jpg,0,0.1824303120374679,11.070170402526855,-36.08396911621094,0.1715359687805175,-0.1512413769960403
VGFACE2/n000182/0001_01.jpg,0,-1.425248146057129,-16.951858520507812,-26.211952209472656,-0.114578790962696,0.0729320347309112
VGFACE2/n000183/0001_01.jpg,0,-1.814294934272766,1.3222284317016602,-10.65658473968506,1.4005672931671145,-0.214716836810112
VGFACE2/n000184/0001_01.jpg,0,-0.301221489906311,13.668553352355955,25.217500686645508,-0.1110680699348449,0.2553269267082214
VGFACE2/n000185/0001_02.jpg,0,-0.6048649549484253,-7.869686126708984,-21.926889419555664,-0.3021422922611236,-0.0938538461923599
VGFACE2/n000186/0001_01.jpg,0,-2.0236263275146484,-8.455412864685059,-18.67299461364746,-0.4645716547966003,-0.3412960469722748
VGFACE2/n000187/0001_01.jpg,0,-1.0821572542190552,-4.997251033782959,-22.410228729248047,0.2307931929826736,-0.0203962009400129
VGFACE2/n000188/0001_01.jpg,0,1.2657055854797363,11.391630172729492,-25.481401443481445,2.30698561668396,0.2097848504781723
VGFACE2/n000189/0001_01.jpg,0,-0.7398755550384521,-12.317278861999512,-23.84943389892578,0.0334519557654857,-0.067208781838417
VGFACE2/n000190/0001_05.jpg,0,-0.9812517762184144,11.038470268249512,3.734068155288696,-0.1453514844179153,-0.2733732759952545
VGFACE2/n000191/0001_01.jpg,0,-0.0125016262754797,0.0501955114305019,-15.640881538391112,-0.0756193101406097,-0.2640135288238525
VGFACE2/n000192/0001_01.jpg,0,-1.417959690093994,-1.0215928554534912,-23.74131393432617,-0.360064148902893,-0.275228351354599
VGFACE2/n000193/0001_01.jpg,0,0.7367873787879944,12.18533420562744,-21.99072265625,2.5536468029022217,0.3201331198215484
VGFACE2/n000194/0001_01.jpg,0,-1.4435744285583496,-5.28498125076294,-22.40144920349121,-0.2581402957439422,-0.2808120846748352
VGFACE2/n000195/0001_01.jpg,0,-2.6056838035583496,-1.4965153932571411,-23.77773094177246,-0.5892188549041748,-0.3029767274856567
VGFACE2/n000196/0001_01.jpg,0,-0.6903671026229858,11.22133445739746,-16.835710525512695,0.4578872919082641,-0.2977442443370819
VGFACE2/n000197/0001_01.jpg,0,-1.4307726621627808,9.583075523376465,-28.208763122558597,2.2138588428497314,0.1470178961753845
VGFACE2/n000198/0001_01.jpg,0,0.141219288110733,1.20988130569458,-13.79975700378418,0.6484371423721313,0.2616170346736908
VGFACE2/n000199/0001_01.jpg,0,-0.1591625660657882,12.036816596984863,-24.015180587768555,-0.0628075450658798,-0.2149265259504318
VGFACE2/n000201/0001_01.jpg,0,-0.1379744261503219,6.894288063049316,-34.94932556152344,-0.037641629576683,0.1047888770699501
VGFACE2/n000202/0001_01.jpg,0,-0.9961999654769896,-4.504071235656738,-30.563453674316406,0.2744992673397064,-0.1724782586097717
VGFACE2/n000203/0001_01.jpg,0,-0.2728739082813263,-11.457056999206545,-30.37521743774414,-0.0242580585181713,0.2638672888278961
VGFACE2/n000204/0001_01.jpg,0,-2.474963665008545,12.188322067260742,-18.719688415527344,-0.1792599260807037,-0.2901323735713959
VGFACE2/n000205/0001_01.jpg,0,-1.062447190284729,-4.139692306518555,-27.10601043701172,1.0288434028625488,0.2634060978889465
VGFACE2/n000206/0001_01.jpg,0,0.4083361029624939,-0.8277873396873474,-25.088428497314453,0.2505220174789428,0.1587321013212204
VGFACE2/n000207/0001_01.jpg,0,-0.967048704624176,10.36285400390625,-29.00606155395508,0.4611364901065826,-0.2786760926246643
VGFACE2/n000208/0001_01.jpg,0,-0.7068842053413391,6.074729919433594,-27.620813369750977,0.3544649183750152,-0.2074057459831237
VGFACE2/n000209/0001_01.jpg,0,-1.0985488891601562,-13.947957038879396,-28.611801147460938,-0.6666625738143921,-0.2247143685817718
VGFACE2/n000210/0001_01.jpg,0,-1.1629092693328855,1.4353258609771729,-24.915769577026367,1.767246127128601,-0.2281408011913299
VGFACE2/n000211/0001_01.jpg,0,0.4064436256885528,12.285502433776855,-25.929607391357425,0.717875063419342,0.1138238906860351
VGFACE2/n000212/0001_01.jpg,0,-0.2756007611751556,12.21790599822998,-15.906787872314451,0.1954421550035476,-0.2294036597013473
VGFACE2/n000213/0001_01.jpg,0,-0.8503298759460449,1.3108112812042236,-22.641944885253903,-0.5186339020729065,-0.2105558812618255
VGFACE2/n000214/0001_02.jpg,0,-1.0174922943115234,12.54793643951416,-15.473708152770996,1.0252883434295654,-0.2673405110836029
VGFACE2/n000215/0001_01.jpg,0,-0.1065333783626556,-6.435594081878662,-27.16774559020996,0.1806023269891739,-0.1830249577760696
VGFACE2/n000216/0001_01.jpg,0,-0.5722089409828186,-16.9255428314209,-22.169832229614254,0.3670057654380798,-0.2345378100872039
VGFACE2/n000217/0001_01.jpg,0,-1.0826199054718018,8.662360191345215,-23.23306655883789,1.3968340158462524,0.2244795858860016
VGFACE2/n000218/0001_01.jpg,0,-1.02698814868927,7.380987644195557,-23.342153549194336,0.8030314445495605,-0.2385046482086181
VGFACE2/n000219/0001_01.jpg,0,0.1974208056926727,-6.0921711921691895,-24.57920455932617,-0.1536100059747696,0.1677535474300384
VGFACE2/n000220/0001_01.jpg,0,-1.63627028465271,-2.06119966506958,-19.424457550048828,0.6738048791885376,-0.293538749217987
VGFACE2/n000221/0001_01.jpg,0,-0.5824911594390869,-6.955733776092529,-30.222766876220703,0.6545144319534302,-0.1157391816377639
VGFACE2/n000222/0001_01.jpg,0,-1.984368205070496,12.849069595336914,-8.338484764099121,0.482633888721466,-0.3076376020908355
VGFACE2/n000223/0001_01.jpg,0,-1.426592469215393,-13.252518653869627,-28.446950912475582,-0.8794667720794678,-0.2471266686916351
VGFACE2/n000224/0001_01.jpg,0,-0.4743417203426361,4.0655903816223145,-29.445749282836918,0.9087639451026917,0.0305102486163377
VGFACE2/n000225/0001_01.jpg,0,0.169493019580841,-9.177693367004396,-28.44436264038086,0.1247399002313613,0.2588093876838684
VGFACE2/n000226/0001_01.jpg,0,-0.5635934472084045,9.992552757263184,-30.637792587280277,0.227705031633377,-0.2250217497348785
VGFACE2/n000227/0001_01.jpg,0,-1.5723347663879397,-2.411552906036377,-28.03002548217773,1.429225206375122,0.1276677995920181
VGFACE2/n000228/0001_01.jpg,0,-1.080869436264038,11.55859088897705,-24.7844295501709,0.7724166512489319,0.0649528577923774
VGFACE2/n000229/0001_01.jpg,0,-0.7093314528465271,11.839858055114746,-17.58926010131836,-0.2680495977401733,-0.2217406630516052
VGFACE2/n000230/0001_01.jpg,0,-0.1415726840496063,1.2459232807159424,-19.541561126708984,-0.9377238154411316,-0.0964967608451843
VGFACE2/n000231/0001_01.jpg,0,-1.293672800064087,-6.929719924926758,-23.65594482421875,0.2643805742263794,-0.0653590559959411
VGFACE2/n000232/0001_01.jpg,0,-0.9259349703788756,11.966290473937988,-23.63423538208008,0.3220656812191009,-0.1151503771543502
VGFACE2/n000233/0001_01.jpg,0,1.5040756464004517,10.610169410705566,-10.697656631469728,3.132460355758667,0.3253517150878906
VGFACE2/n000234/0001_02.jpg,0,-1.1452066898345947,9.758055686950684,-14.17342758178711,0.1789164543151855,-0.2139585763216018
VGFACE2/n000235/0001_01.jpg,0,-0.2313752770423889,10.379559516906738,-29.205062866210938,4.097835540771484,0.0151576763018965
VGFACE2/n000236/0001_01.jpg,0,-0.3096027672290802,-1.1036252975463867,-30.13720703125,0.5741130113601685,-0.1018812134861946
VGFACE2/n000237/0001_01.jpg,0,-0.6643001437187195,-1.5726776123046875,-26.969921112060547,0.4168503582477569,-0.1109014973044395
VGFACE2/n000238/0001_01.jpg,0,-1.041670322418213,-9.41920566558838,-29.79865837097168,-0.1495764553546905,0.0253282990306615
VGFACE2/n000239/0001_04.jpg,0,-1.3106838464736938,-4.145812034606934,-20.760257720947266,-0.5053079128265381,-0.362700492143631
VGFACE2/n000240/0001_02.jpg,0,-1.5537735223770142,6.018097877502441,-41.05507278442383,-0.3334927856922149,-0.0800283998250961
VGFACE2/n000241/0001_01.jpg,0,-1.8273355960845947,10.850874900817873,-8.530404090881348,0.3517621159553528,-0.2878400087356567
VGFACE2/n000242/0001_01.jpg,0,0.0941652655601501,5.219306945800781,-14.428203582763672,3.3471226692199707,0.1250478476285934
VGFACE2/n000243/0001_01.jpg,0,-0.2796092331409454,11.898226737976074,-18.79910087585449,0.7770434617996216,-0.2731969952583313
VGFACE2/n000244/0001_01.jpg,0,-0.6643306016921997,8.496293067932129,-19.867475509643555,0.3108612298965454,-0.0650784224271774
VGFACE2/n000245/0001_01.jpg,0,0.0036519349087029,10.382742881774902,-22.310657501220703,1.0968002080917358,-0.0216607619076967
VGFACE2/n000246/0001_01.jpg,0,-0.5181512832641602,2.776214361190796,-25.172931671142575,-0.0914899408817291,-0.2663817703723907
VGFACE2/n000247/0001_01.jpg,0,-0.9672793745994568,-12.172898292541504,-12.986254692077637,0.8568263053894043,0.1977651268243789
VGFACE2/n000248/0001_01.jpg,0,-0.141024649143219,3.520894289016724,-27.69427490234375,0.7298517823219299,0.0966765210032463
VGFACE2/n000249/0001_01.jpg,0,-0.7338796257972717,10.778188705444336,-19.62664794921875,0.0414255298674106,-0.2597533166408539
VGFACE2/n000250/0001_01.jpg,0,-1.0765511989593506,11.925783157348633,3.04526686668396,0.2205834835767746,-0.2726446688175201
VGFACE2/n000251/0001_02.jpg,0,-1.0278648138046265,11.664755821228027,-5.618552207946777,0.4554203748703003,-0.2227981984615326
VGFACE2/n000252/0001_02.jpg,0,-1.999962568283081,-17.98296546936035,-28.77915382385254,-0.0578457489609718,-0.2150590121746063
VGFACE2/n000253/0001_01.jpg,0,-0.3779609799385071,12.096501350402832,1.9496450424194336,0.7109678983688354,0.2053237855434417
VGFACE2/n000254/0001_01.jpg,0,-0.2011082619428634,13.170968055725098,13.017684936523438,0.8897613286972046,-0.0484499260783195
VGFACE2/n000255/0001_01.jpg,0,0.0716593116521835,-11.932417869567873,-20.123340606689453,0.3388758599758148,0.2693942189216614
VGFACE2/n000256/0001_01.jpg,0,-0.5512281656265259,12.583394050598145,20.137535095214844,-0.5725222826004028,-0.2425180077552795
VGFACE2/n000257/0001_01.jpg,0,-0.1466938257217407,0.3979866206645965,-30.731847763061523,-0.4919629991054535,-0.161502331495285
VGFACE2/n000258/0001_01.jpg,0,-1.147127985954285,-17.2475643157959,-26.412939071655277,-0.1331236362457275,-0.0068074716255068
VGFACE2/n000260/0001_01.jpg,0,-1.637417912483215,-4.019134521484375,-17.31304168701172,-0.5517551898956299,-0.3257002532482147
VGFACE2/n000261/0001_01.jpg,0,-1.9506832361221316,12.854103088378906,-25.559738159179688,0.019152894616127,-0.2627660036087036
VGFACE2/n000262/0001_01.jpg,0,-1.5413967370986938,-17.402236938476562,-22.98078346252441,0.0538250431418418,-0.0220338813960552
VGFACE2/n000263/0001_01.jpg,0,-2.1553761959075928,-3.527494430541992,-30.72066116333008,-0.1278678029775619,-0.3170908689498901
VGFACE2/n000264/0001_01.jpg,0,-1.4707738161087036,-10.733744621276855,-27.920379638671875,0.5497686266899109,-0.2600771188735962
VGFACE2/n000265/0001_01.jpg,0,-0.2721111476421356,12.52701473236084,-18.449546813964844,1.7332637310028076,-0.2797393798828125
VGFACE2/n000266/0001_01.jpg,0,-0.3552615940570831,-7.259232044219971,-18.477703094482425,0.1987223327159881,-0.085121177136898
VGFACE2/n000267/0001_01.jpg,0,-0.2877112329006195,2.0144896507263184,-20.47748565673828,-0.0530621595680713,-0.0645030289888382
VGFACE2/n000268/0001_01.jpg,0,-0.641162633895874,-10.040024757385254,-21.488624572753903,1.0340182781219482,0.1566215306520462
VGFACE2/n000269/0001_01.jpg,0,-1.0685638189315796,8.226126670837402,-28.98564720153809,-0.0006428118795156,0.2245480567216873
VGFACE2/n000270/0001_01.jpg,0,-1.7002538442611694,0.7214459180831909,-22.28591537475586,0.3834705948829651,0.19709512591362
VGFACE2/n000271/0001_01.jpg,0,-2.46736478805542,1.1756237745285034,-24.669639587402344,-0.7513452172279358,-0.2808443009853363
VGFACE2/n000272/0001_01.jpg,0,-1.4497554302215576,12.611533164978027,-26.269649505615234,2.2176921367645264,-0.2867693305015564
VGFACE2/n000273/0001_01.jpg,0,-0.879281222820282,5.490665912628174,-15.172118186950684,-0.4227339029312134,-0.2295186966657638
VGFACE2/n000274/0001_01.jpg,0,-0.946988880634308,8.626870155334473,-34.514652252197266,-0.4238118529319763,-0.2872631549835205
VGFACE2/n000275/0001_01.jpg,0,-1.0531864166259766,11.90339183807373,-25.097278594970703,1.6094558238983154,0.175777718424797
VGFACE2/n000276/0001_01.jpg,0,-0.5235723853111267,-7.228403091430664,-12.69946002960205,-0.1642721593379974,-0.200969249010086
VGFACE2/n000277/0001_01.jpg,0,-1.6027871370315552,7.425663948059082,-23.056961059570312,-0.2232653796672821,-0.3033184111118316
VGFACE2/n000278/0001_01.jpg,0,-1.674628496170044,12.33134937286377,0.1719554364681244,0.7634477615356445,-0.3107922971248626
VGFACE2/n000279/0001_01.jpg,0,-0.4344960749149322,1.5602319240570068,-15.439685821533203,1.109001874923706,0.0574029870331287
VGFACE2/n000280/0001_01.jpg,0,-0.6582803726196289,-9.276187896728516,-21.729705810546875,0.0206541270017623,-0.2945582866668701
VGFACE2/n000281/0001_01.jpg,0,-0.546442449092865,-10.72630214691162,-19.929834365844727,-0.043349415063858,-0.2146850228309631
VGFACE2/n000282/0001_02.jpg,0,-0.1502575278282165,-18.69872093200684,-30.036901473999023,2.407686471939087,0.2582687735557556
VGFACE2/n000283/0001_01.jpg,0,-0.46283158659935,6.358155250549316,-14.429949760437012,0.5735992193222046,0.2463096678256988
VGFACE2/n000285/0001_01.jpg,0,-0.5818048119544983,11.749556541442873,-29.45468521118164,-0.1900011152029037,0.112027421593666
VGFACE2/n000286/0001_01.jpg,0,-0.6603479981422424,1.474249005317688,-22.032150268554688,2.5545926094055176,-0.2708598971366882
VGFACE2/n000287/0001_01.jpg,0,-1.7632936239242554,0.381568044424057,-26.614429473876957,0.9196991920471193,-0.2844518721103668
VGFACE2/n000288/0001_01.jpg,0,-1.5757302045822144,12.740907669067385,-32.25273895263672,-0.1164430454373359,-0.2961047291755676
VGFACE2/n000289/0001_02.jpg,0,0.2789163887500763,9.355615615844728,-25.36383056640625,0.5595541596412659,-0.2531721293926239
VGFACE2/n000290/0001_01.jpg,0,-1.549005150794983,2.475439548492432,-33.742191314697266,-0.2373444139957428,-0.2609730660915375
VGFACE2/n000291/0001_01.jpg,0,-0.2427661567926406,-3.121540069580078,-23.59659194946289,1.6227636337280271,-0.2546243071556091
VGFACE2/n000292/0001_01.jpg,0,-1.5045323371887207,11.861368179321287,-17.623729705810547,0.1347224861383438,-0.3088725805282593
VGFACE2/n000293/0001_01.jpg,0,-0.3438000380992889,6.271380424499512,-8.265864372253418,0.2641154527664184,-0.1991137415170669
VGFACE2/n000294/0001_01.jpg,0,-0.8746935725212097,-4.323782444000244,-26.90140151977539,0.2884756922721863,0.3490427434444427
VGFACE2/n000295/0001_01.jpg,0,-1.6286336183547974,-12.225346565246582,-25.882604598999023,-0.4651081562042236,-0.2149635702371597
VGFACE2/n000296/0001_01.jpg,0,-0.3513683974742889,-15.541703224182127,-15.270363807678224,-0.0959987640380859,-0.2062734216451645
VGFACE2/n000297/0001_01.jpg,0,-1.4388388395309448,-4.388036727905273,-30.475255966186523,0.4842696189880371,-0.0941881760954856
VGFACE2/n000298/0001_01.jpg,0,-1.760657787322998,-7.507407188415527,-17.952434539794922,0.6742411255836487,-0.2609589695930481
VGFACE2/n000299/0001_01.jpg,0,-0.8860814571380615,-2.572334289550781,-24.583221435546875,-0.4112858176231384,-0.2494315952062606
VGFACE2/n000300/0001_01.jpg,0,-1.2785435914993286,-1.374211072921753,-11.615086555480955,0.4065680503845215,-0.1902093887329101
VGFACE2/n000301/0001_01.jpg,0,-0.8388349413871765,-6.219527244567871,-24.755603790283203,-0.0877155512571334,-0.2295458316802978
VGFACE2/n000302/0001_01.jpg,0,-1.966474652290344,-8.612579345703125,-27.63120651245117,-0.5539196133613586,-0.0969231948256492
VGFACE2/n000303/0001_01.jpg,0,-1.101863980293274,5.992230415344238,-22.26696014404297,-0.6693600416183472,-0.2762426733970642
VGFACE2/n000304/0001_01.jpg,0,-0.6390971541404724,13.450260162353516,10.196764945983888,0.0752768293023109,-0.0982337519526481
VGFACE2/n000305/0001_01.jpg,0,-0.945004940032959,-9.303147315979004,-25.672401428222656,1.2883305549621582,0.0940687879920005
VGFACE2/n000306/0001_01.jpg,0,-0.8101016879081726,10.71267032623291,-26.383766174316406,0.0228952150791883,-0.2494818866252899
VGFACE2/n000307/0001_01.jpg,0,-1.099393367767334,10.908873558044434,-31.94541549682617,-0.3343013525009155,-0.2468705773353576
VGFACE2/n000308/0001_01.jpg,0,-0.958277940750122,-7.713950634002685,-26.558269500732425,0.10227632522583,-0.2016379982233047
VGFACE2/n000309/0001_01.jpg,0,-1.852752923965454,9.95542812347412,-25.830604553222656,-0.8139094114303589,-0.2305663377046585
VGFACE2/n000310/0001_01.jpg,0,-0.9384674429893494,-14.676467895507812,-23.466976165771484,0.0468327440321445,-0.2464197278022766
VGFACE2/n000311/0001_01.jpg,0,-0.2311023771762848,2.29773473739624,-24.335548400878903,1.003834247589111,0.1445645838975906
VGFACE2/n000312/0001_01.jpg,0,-1.3920505046844482,7.1265411376953125,-26.412288665771484,-0.4855841994285583,-0.2868213951587677
VGFACE2/n000313/0001_01.jpg,0,-1.9122474193573,-16.138689041137695,-27.10166931152344,0.7352874279022217,-0.2942081689834595
VGFACE2/n000314/0001_01.jpg,0,-1.9265108108520508,9.02617359161377,-15.45002269744873,-0.2767907977104187,-0.28566575050354
VGFACE2/n000315/0001_01.jpg,0,-0.2358309030532837,-6.135581016540527,-6.722782135009766,0.2291301637887954,-0.2055089026689529
VGFACE2/n000316/0001_01.jpg,0,-1.3318445682525637,12.461004257202148,-18.85137176513672,0.4757420122623443,-0.1744755506515503
VGFACE2/n000317/0001_01.jpg,0,0.0112485187128186,-8.237946510314941,-24.01839256286621,0.168357253074646,-0.1667158156633377
VGFACE2/n000318/0001_01.jpg,0,-0.9308109283447266,-11.30559253692627,-24.83850479125977,-0.3621556758880615,-0.2056739777326584
VGFACE2/n000319/0001_01.jpg,0,-0.6026390194892883,12.813344955444336,-1.0228224992752075,0.6089645624160767,-0.2052573710680008
VGFACE2/n000320/0001_01.jpg,0,-0.124979019165039,11.780816078186035,21.78252410888672,0.338014543056488,-0.2644726932048797
VGFACE2/n000321/0001_01.jpg,0,-0.2065137475728988,7.275663375854492,-28.74965476989746,0.5497246384620667,-0.1638787686824798
VGFACE2/n000322/0001_01.jpg,0,-1.35077702999115,12.028773307800291,-43.59869766235352,-0.0054542417638003,0.1713258922100067
VGFACE2/n000323/0001_01.jpg,0,-0.6398797631263733,9.461788177490234,-13.624911308288574,-0.1826410591602325,-0.2687349319458008
VGFACE2/n000324/0001_01.jpg,0,0.4202744662761688,-5.284183025360107,-28.783905029296875,-0.3213174939155578,-0.0133738117292523
VGFACE2/n000325/0001_01.jpg,0,0.0241967067122459,13.417546272277832,1.3496320247650146,1.1150553226470947,0.2419987320899963
VGFACE2/n000326/0001_01.jpg,0,-0.6254823803901672,13.844644546508787,-33.46867752075195,1.4717193841934204,0.0388226509094238
VGFACE2/n000327/0001_06.jpg,0,-0.7296478152275085,-1.012331247329712,-24.66318130493164,-0.1775003671646118,-0.257447212934494
VGFACE2/n000328/0001_01.jpg,0,-0.7279448509216309,-7.351375579833984,-35.81338119506836,0.267778992652893,0.2501951456069946
VGFACE2/n000329/0001_01.jpg,0,-0.6173720359802246,7.575233459472656,-32.270713806152344,2.184992551803589,0.2035482078790664
VGFACE2/n000330/0001_01.jpg,0,-1.4381394386291504,12.373736381530762,-18.65279769897461,0.79433673620224,-0.2318612337112426
VGFACE2/n000331/0001_01.jpg,0,-1.6105750799179075,-0.5087857842445374,-30.684654235839844,-0.2994070649147033,-0.1999801695346832
VGFACE2/n000332/0001_01.jpg,0,-1.0694866180419922,6.347541332244873,-23.605453491210938,-0.1842905431985855,-0.2708582282066345
VGFACE2/n000333/0001_01.jpg,0,-1.5957410335540771,2.378007411956787,-38.864967346191406,-0.4471175372600555,-0.2187509536743164
VGFACE2/n000334/0001_02.jpg,0,-0.5974445343017578,7.141035556793213,-26.88148498535156,-0.0083085531368851,-0.2037845253944397
VGFACE2/n000335/0001_01.jpg,0,-0.9443050026893616,10.131977081298828,-28.869895935058597,-0.0402244925498962,-0.0883350521326065
VGFACE2/n000336/0001_01.jpg,0,-1.326898217201233,4.62580680847168,-35.62467575073242,0.660670816898346,-0.1120456010103225
VGFACE2/n000337/0001_01.jpg,0,-1.534468650817871,10.53572940826416,-21.605806350708008,0.3653658330440521,-0.2207440435886383
VGFACE2/n000338/0001_02.jpg,0,-0.6404309868812561,3.1831071376800537,-22.88484764099121,-0.1913279592990875,0.0186458937823772
VGFACE2/n000339/0001_02.jpg,0,-0.8682869076728821,-2.1683483123779297,-20.862924575805664,1.4792473316192627,0.1530417501926422
VGFACE2/n000340/0001_01.jpg,0,-0.7677038908004761,7.721905708312988,-43.25632858276367,0.2574428617954254,0.1929942518472671
VGFACE2/n000341/0001_02.jpg,0,-1.8188918828964236,-14.045001029968262,-24.652441024780277,-0.2483521997928619,-0.2295707911252975
VGFACE2/n000342/0001_01.jpg,0,-0.0625319704413414,12.85635471343994,4.188816070556641,1.4484363794326782,0.0515705645084381
VGFACE2/n000343/0001_01.jpg,0,-0.4207306504249573,5.241686820983887,-10.63480281829834,-0.0435047447681427,-0.2268084287643432
VGFACE2/n000344/0001_01.jpg,0,0.5579288601875305,12.24729061126709,-7.855463027954102,1.401146650314331,-0.066929206252098
VGFACE2/n000345/0001_01.jpg,0,-0.4595445990562439,2.4178152084350586,-21.146751403808597,0.196139320731163,0.2282091677188873
VGFACE2/n000346/0001_01.jpg,0,-1.0987838506698608,-7.39749813079834,-29.84540557861328,-0.0300236381590366,-0.188131108880043
VGFACE2/n000347/0001_01.jpg,0,-0.5653256773948669,6.176788330078125,-31.351163864135746,0.0948833674192428,-0.1459147185087204
VGFACE2/n000348/0001_01.jpg,0,-0.579895555973053,-1.1250122785568235,-29.49456596374512,-0.2531970143318176,-0.1699015200138092
VGFACE2/n000349/0001_02.jpg,0,-1.8371504545211792,10.604887962341309,-21.33369255065918,-0.0087535278871655,-0.2710265219211578
VGFACE2/n000350/0001_02.jpg,0,-1.2537018060684204,7.998330116271973,-33.69803237915039,-0.4245445728302002,-0.1491454839706421
VGFACE2/n000351/0001_01.jpg,0,-0.9848864078521729,11.74202823638916,-28.66679000854492,1.871724367141724,0.193910464644432
VGFACE2/n000352/0001_01.jpg,0,-2.4253625869750977,8.141873359680176,-31.42887115478516,-0.6365134716033936,0.0156978517770767
VGFACE2/n000353/0001_05.jpg,0,-0.3625508546829223,-4.570737361907959,-23.35405731201172,0.2052726298570633,0.0646815299987793
VGFACE2/n000354/0001_01.jpg,0,-0.2924715280532837,12.202922821044922,-29.213085174560547,1.19648277759552,-0.004326594993472
VGFACE2/n000355/0001_01.jpg,0,-2.3213438987731934,11.71522617340088,-31.46942138671875,0.6172332167625427,-0.2584892213344574
VGFACE2/n000356/0001_01.jpg,0,-1.3069247007369995,10.116981506347656,-29.661815643310547,0.0461059138178825,-0.1266120821237564
VGFACE2/n000357/0001_01.jpg,0,-0.7658461928367615,11.399202346801758,-19.566162109375,2.364837169647217,0.1323314607143402
VGFACE2/n000358/0001_01.jpg,0,-0.5384709239006042,-10.950360298156738,-22.28049087524414,0.9349102973937988,0.2627386152744293
VGFACE2/n000359/0001_01.jpg,0,-0.2969709634780884,-9.181914329528809,-20.970386505126957,0.1856436878442764,-0.1891034096479416
VGFACE2/n000360/0001_01.jpg,0,0.0072979955002665,-11.342106819152832,-35.088623046875,0.0046191057190299,-0.2662286162376404
VGFACE2/n000361/0001_02.jpg,0,-0.4127499759197235,9.998163223266602,-7.97931957244873,0.2822604477405548,-0.2692217826843261
VGFACE2/n000362/0001_01.jpg,0,0.5555331707000732,-13.221881866455078,-41.34129333496094,0.0576240010559558,-0.2567106485366821
VGFACE2/n000364/0001_01.jpg,0,-0.6483621597290039,1.990847110748291,-22.75357437133789,2.0591137409210205,0.1646032035350799
VGFACE2/n000365/0001_01.jpg,0,-1.9433531761169436,9.479766845703123,-26.325841903686523,0.5553480982780457,-0.0554803907871246
VGFACE2/n000366/0001_01.jpg,0,-0.9275604486465454,-8.955645561218262,-20.894123077392575,0.443428099155426,-0.2330067455768585
VGFACE2/n000367/0001_01.jpg,0,-0.1544679701328277,11.952739715576172,-4.0037689208984375,1.0425710678100586,0.093869149684906
VGFACE2/n000368/0001_01.jpg,0,-1.946051359176636,-9.359622955322266,-30.131567001342773,-0.7827683687210083,-0.2897213697433471
VGFACE2/n000369/0001_01.jpg,0,-1.8557757139205933,9.991536140441896,-27.873891830444336,-0.7219865322113037,-0.2812939882278442
VGFACE2/n000370/0001_01.jpg,0,-1.8235937356948853,-13.272049903869627,-33.41660690307617,-0.1198843419551849,-0.2295269817113876
VGFACE2/n000371/0001_01.jpg,0,0.2210197895765304,11.8099946975708,-8.929088592529297,3.107818603515625,0.2594189345836639
VGFACE2/n000372/0001_01.jpg,0,-0.9326269626617432,11.680697441101074,-27.591777801513672,0.6755892038345337,-0.139482632279396
VGFACE2/n000373/0001_01.jpg,0,-0.8241633176803589,3.755292415618897,-26.40291976928711,0.149445578455925,-0.2320344150066375
VGFACE2/n000374/0001_01.jpg,0,-1.172773838043213,7.105123519897461,-33.83040237426758,0.4816990494728088,-0.1864669173955917
VGFACE2/n000375/0001_01.jpg,0,-0.0193633697926998,5.458159923553467,-33.26840591430664,1.5877183675765991,0.1574111580848693
VGFACE2/n000376/0001_01.jpg,0,-2.820218086242676,8.499621391296387,-34.44443130493164,-0.2635303139686584,-0.3098345696926117
VGFACE2/n000377/0001_01.jpg,0,-1.04270339012146,9.94115161895752,-29.840801239013672,0.2589945793151855,-0.107059821486473
VGFACE2/n000378/0001_01.jpg,0,-1.66783607006073,-12.65450382232666,-35.3907356262207,1.1894383430480957,0.2131558954715728
VGFACE2/n000379/0001_01.jpg,0,-0.1680579334497451,-17.963703155517578,-24.59231948852539,0.8763101100921631,0.2129122018814087
VGFACE2/n000380/0001_01.jpg,0,-1.520580530166626,9.912833213806152,-17.89098358154297,0.1499034464359283,-0.1774951517581939
VGFACE2/n000381/0001_01.jpg,0,-2.044811725616455,5.779263019561768,-20.205049514770508,0.8674634099006653,-0.2641195654869079
VGFACE2/n000382/0001_01.jpg,0,-0.5817921757698059,-5.035852432250977,-27.42138290405273,0.6027324199676514,-0.2960661947727203
VGFACE2/n000383/0001_01.jpg,0,-2.028055429458618,-14.915149688720703,-29.19631576538086,-0.1437935382127761,-0.2746919691562652
VGFACE2/n000384/0001_01.jpg,0,-1.1677652597427368,7.000784397125244,-41.29604721069336,-0.4594890773296356,-0.236916571855545
VGFACE2/n000385/0001_01.jpg,0,-0.681811511516571,-1.6872758865356443,-17.255830764770508,0.0848145261406898,0.1563117951154709
VGFACE2/n000386/0001_01.jpg,0,-0.4784781634807586,8.81865406036377,-26.75495338439941,0.8280017375946045,0.1285780668258667
VGFACE2/n000387/0001_01.jpg,0,-1.3832683563232422,1.6811143159866333,-20.03616714477539,-0.6582261323928833,-0.3122857511043548
VGFACE2/n000388/0001_02.jpg,0,-1.2553930282592771,11.948845863342283,-22.8691349029541,3.4097862243652344,-0.0362263731658458
VGFACE2/n000389/0001_01.jpg,0,-0.6659335494041443,11.593186378479004,-19.147884368896484,1.1169172525405884,0.2366695553064346
VGFACE2/n000390/0001_01.jpg,0,-1.3207221031188965,8.714510917663574,9.862595558166504,-0.0633083060383796,-0.3178624510765075
VGFACE2/n000391/0001_01.jpg,0,-0.3178034126758575,7.652771949768066,-13.60925006866455,0.4440808296203613,-0.2224700301885604
VGFACE2/n000392/0001_01.jpg,0,-2.0777933597564697,7.694396495819092,-9.062359809875488,0.3880734741687774,-0.2480882257223129
VGFACE2/n000393/0001_02.jpg,0,-1.3000938892364502,3.8532655239105225,-26.044788360595703,0.9839124083518982,0.0366003029048442
VGFACE2/n000395/0001_02.jpg,0,-1.6665964126586914,0.3596381843090057,-25.062671661376957,1.590732455253601,-0.1270889639854431
VGFACE2/n000396/0001_01.jpg,0,-1.5063414573669434,9.921031951904297,-28.557811737060547,-0.135179191827774,-0.2963796555995941
VGFACE2/n000397/0001_01.jpg,0,-1.712385177612305,-1.433747172355652,-24.3123722076416,-0.800055742263794,-0.2666803002357483
VGFACE2/n000398/0001_01.jpg,0,-1.490659475326538,3.742531061172485,-29.516965866088867,-0.3592588305473327,-0.1936703771352768
VGFACE2/n000399/0001_03.jpg,0,-0.3314445316791534,10.596980094909668,-31.68874740600586,0.9328197240829468,0.094406634569168
VGFACE2/n000400/0001_01.jpg,0,-0.1241646111011505,12.25197982788086,-26.743553161621094,0.186189204454422,-0.0244045425206422
VGFACE2/n000401/0001_01.jpg,0,-1.954490542411804,3.8075051307678223,-40.53722381591797,-0.9645757675170898,-0.2673612833023071
VGFACE2/n000402/0001_02.jpg,0,-2.6812422275543213,4.839699745178223,-28.310657501220703,-0.8198882341384888,-0.2911567091941833
VGFACE2/n000403/0001_01.jpg,0,-1.9574036598205569,5.893814086914063,-18.679649353027344,-0.0787236019968986,-0.2233567237854004
VGFACE2/n000405/0001_01.jpg,0,-2.043708324432373,-10.147310256958008,-28.45398330688477,0.4136830568313598,-0.2439313679933548
VGFACE2/n000406/0001_01.jpg,0,-1.9768937826156616,-3.193245410919189,-36.38605880737305,1.483095407485962,-0.2811689376831054
VGFACE2/n000407/0001_01.jpg,0,-0.76637202501297,-5.416130542755127,-16.68609619140625,1.4752483367919922,-0.2457875311374664
VGFACE2/n000408/0001_01.jpg,0,-0.5364480018615723,12.104296684265137,-24.035499572753903,1.0369906425476074,-0.1850751489400863
VGFACE2/n000409/0001_01.jpg,0,-1.617518186569214,11.62896728515625,-2.4197354316711426,0.0958530753850936,-0.2590077817440033
VGFACE2/n000411/0001_01.jpg,0,-1.3043570518493652,4.882342338562012,-15.90237522125244,1.3376890420913696,-0.1631266325712204
VGFACE2/n000412/0001_01.jpg,0,-1.4253071546554563,13.782740592956545,-35.084747314453125,2.356306314468384,0.1737774014472961
VGFACE2/n000413/0001_01.jpg,0,-0.9990919828414916,8.372929573059082,-29.37188148498535,-0.1616124808788299,-0.2382268607616424
VGFACE2/n000414/0001_01.jpg,0,-0.996438205242157,13.426228523254396,-26.931251525878903,0.1514632105827331,-0.2697328925132751
VGFACE2/n000415/0001_02.jpg,0,-0.6164671778678894,7.010935783386231,19.6716423034668,-0.1782076060771942,-0.148796260356903
VGFACE2/n000416/0001_01.jpg,0,-0.3547913432121277,-5.467002868652344,-23.91912841796875,-0.3940708637237549,-0.2080312818288803
VGFACE2/n000417/0001_01.jpg,0,-0.4605959951877594,-8.979277610778809,-22.24045181274414,1.3393535614013672,0.2394256889820099
VGFACE2/n000418/0001_01.jpg,0,-1.126767635345459,12.52948760986328,-8.78722858428955,0.1111888438463211,-0.2681231498718261
VGFACE2/n000419/0001_01.jpg,0,-2.4529964923858643,5.852299213409424,-29.14755630493164,-0.2810717821121216,-0.3245340883731842
VGFACE2/n000420/0001_01.jpg,0,-0.1463823020458221,12.365093231201172,11.162476539611816,-0.1459913551807403,-0.2551920115947723
VGFACE2/n000421/0001_01.jpg,0,-1.182348132133484,5.6871442794799805,-25.480697631835938,0.5379313826560974,-0.2826582193374634
VGFACE2/n000422/0001_01.jpg,0,-0.9959485530853271,9.676827430725098,-27.92850112915039,-0.0947140455245971,-0.2842532694339752
VGFACE2/n000423/0001_01.jpg,0,-0.8115832805633545,6.057705879211426,-28.793840408325195,1.2935558557510376,0.2363582551479339
VGFACE2/n000424/0001_01.jpg,0,0.1963619440793991,-12.206876754760742,-20.75731658935547,1.012371301651001,0.2809000313282013
VGFACE2/n000425/0001_02.jpg,0,-2.8524179458618164,4.719118118286133,-34.063106536865234,-0.9647694230079652,-0.3427614569664001
VGFACE2/n000426/0001_01.jpg,0,-1.3068970441818235,-15.433663368225098,-15.687200546264648,0.7941679358482361,-0.2391859591007232
VGFACE2/n000427/0001_02.jpg,0,-1.9166889190673828,10.468879699707031,-10.16822338104248,-0.0411741361021995,-0.2885120511054992
VGFACE2/n000428/0001_02.jpg,0,-1.2442275285720823,7.455535888671875,-27.2692985534668,0.0255667902529239,-0.2937273681163788
VGFACE2/n000429/0001_01.jpg,0,-1.0576378107070925,-1.7161155939102173,-31.89764976501465,0.5277336239814758,-0.2797007262706756
VGFACE2/n000430/0001_02.jpg,0,-1.1430357694625854,10.59894847869873,5.74809455871582,0.4066103994846344,-0.2714752852916717
VGFACE2/n000431/0001_01.jpg,0,-0.5729135274887085,12.86803150177002,-29.85264587402344,0.4423384070396423,0.2638496160507202
VGFACE2/n000432/0001_01.jpg,0,-1.8695995807647705,8.254769325256348,-31.7315673828125,-1.1311410665512085,-0.2845813632011413
VGFACE2/n000433/0001_01.jpg,0,-0.300390213727951,11.451530456542969,-14.845738410949709,2.5758445262908936,0.1122106537222862
VGFACE2/n000434/0001_01.jpg,0,-1.574600100517273,2.338956356048584,-20.733238220214844,-0.8644471764564514,-0.2974300980567932
VGFACE2/n000435/0001_01.jpg,0,-0.7910124659538269,-12.0499906539917,-40.34382247924805,-0.099586121737957,0.0908367559313774
VGFACE2/n000436/0001_01.jpg,0,-0.0077220518141984,11.344922065734863,-17.395774841308594,-0.3412533402442932,-0.1004688367247581
VGFACE2/n000437/0001_01.jpg,0,1.247123122215271,8.660157203674316,-16.037445068359375,1.789285659790039,0.2284877449274063
VGFACE2/n000438/0001_01.jpg,0,-0.5522196292877197,-1.6922712326049805,-25.881494522094727,1.5942130088806152,-0.2410121262073516
VGFACE2/n000439/0001_01.jpg,0,1.150962471961975,-12.633365631103516,-24.683576583862305,0.9462057948112488,0.2745077610015869
VGFACE2/n000440/0001_01.jpg,0,-1.0898879766464231,6.788482189178467,-25.645137786865234,1.089197039604187,-0.2812964916229248
VGFACE2/n000441/0001_02.jpg,0,-0.5544626116752625,13.501062393188477,1.4878454208374023,-0.367353618144989,-0.2735523879528045
VGFACE2/n000442/0001_01.jpg,0,-0.2871052026748657,-1.9642735719680784,-20.9073543548584,0.4734638631343841,0.1630245149135589
VGFACE2/n000443/0001_01.jpg,0,-1.1421409845352173,11.580755233764648,-27.190673828125,2.388244390487671,-0.1514676064252853
VGFACE2/n000444/0001_01.jpg,0,-0.0309610348194837,-8.189396858215332,-25.48590469360352,1.4889070987701416,0.2151610404253006
VGFACE2/n000445/0001_01.jpg,0,-1.2523524761199951,8.182707786560059,-28.17892837524414,1.276528000831604,0.1652871817350387
VGFACE2/n000446/0001_01.jpg,0,0.2392416894435882,8.552796363830566,-18.85395812988281,0.6185242533683777,-0.2273820638656616
VGFACE2/n000447/0001_01.jpg,0,-1.3379836082458496,-8.414835929870605,-31.9586181640625,0.2935146689414978,-0.1445188075304031
VGFACE2/n000448/0001_01.jpg,0,-1.957637906074524,6.277285575866699,-32.54924392700195,0.8623276948928833,-0.2479529976844787
VGFACE2/n000449/0001_01.jpg,0,-0.9163462519645692,-3.121799945831299,-23.52783203125,0.4445435404777527,0.1165793612599372
VGFACE2/n000450/0001_01.jpg,0,-0.4647783637046814,7.674427032470703,-28.022754669189453,-0.3483884632587433,-0.0371272452175617
VGFACE2/n000451/0001_01.jpg,0,-1.64801025390625,-1.7382495403289795,-31.76231575012207,-0.1726386547088623,-0.1952916383743286
VGFACE2/n000453/0001_01.jpg,0,-0.7405205965042114,6.664178371429443,-35.35079574584961,-0.4384046494960785,-0.2277979701757431
VGFACE2/n000454/0001_01.jpg,0,-0.5642550587654114,10.861769676208496,-22.84847640991211,0.6338332891464233,-0.3052842020988464
VGFACE2/n000455/0001_01.jpg,0,-0.0665636286139488,13.429072380065918,5.586236476898193,-0.1711680293083191,-0.2258601635694503
VGFACE2/n000456/0001_01.jpg,0,0.2684943079948425,11.2809476852417,-20.747459411621094,0.8939650654792786,0.2010304927825927
VGFACE2/n000457/0001_01.jpg,0,-1.627530217170715,-5.647890090942383,-24.301910400390625,0.8019106984138489,-0.2792511284351349
VGFACE2/n000458/0001_01.jpg,0,-1.8328293561935425,10.944806098937988,-26.35533142089844,1.885541319847107,-0.2189331650733947
VGFACE2/n000459/0001_01.jpg,0,0.2866395711898803,-1.1699199676513672,-33.05558776855469,1.0622721910476685,0.2862439751625061
VGFACE2/n000460/0001_01.jpg,0,-0.5443142652511597,5.242125511169434,-26.648822784423828,0.6050023436546326,0.0912684798240661
VGFACE2/n000461/0001_01.jpg,0,-1.5870522260665894,-5.485254287719727,-24.66485595703125,0.4307627975940704,0.1086387857794761
VGFACE2/n000462/0001_01.jpg,0,-1.485704779624939,-12.236270904541016,-31.70808219909668,0.4791472852230072,0.0617511309683322
VGFACE2/n000463/0001_01.jpg,0,0.3873243033885956,8.30389404296875,-18.767009735107425,0.9667327404022216,0.2508576512336731
VGFACE2/n000464/0001_01.jpg,0,-0.3371080160140991,10.710448265075684,5.6354570388793945,-0.2126462161540985,-0.1913447976112365
VGFACE2/n000465/0001_02.jpg,0,-1.557342290878296,-4.475848197937012,-33.489925384521484,0.3413793444633484,0.182391807436943
VGFACE2/n000466/0001_02.jpg,0,-0.5133383274078369,-1.8696579933166504,-19.91555976867676,-0.3577205538749695,-0.2006764262914657
VGFACE2/n000467/0001_01.jpg,0,-0.4271167814731598,11.59862232208252,-20.28719520568848,1.8642412424087524,-0.0861905738711357
VGFACE2/n000468/0001_01.jpg,0,-0.435577243566513,11.615403175354004,-28.55584716796875,-0.9006718993186951,-0.0173566676676273
VGFACE2/n000469/0001_01.jpg,0,0.3623063862323761,-7.357481002807617,-19.371074676513672,2.3214728832244877,0.2490782290697097
VGFACE2/n000470/0001_01.jpg,0,0.0594383776187896,12.46055507659912,7.224176406860352,-0.1112025082111358,-0.2090111225843429
VGFACE2/n000471/0001_01.jpg,0,-1.147168517112732,4.514589786529541,-27.919225692749023,-0.5160317420959473,-0.275720477104187
VGFACE2/n000472/0001_02.jpg,0,-0.1264301091432571,10.394892692565918,-5.562590599060059,-0.2525497078895569,-0.2691126465797424
VGFACE2/n000473/0001_01.jpg,0,-1.2928173542022705,4.841547966003418,-22.266101837158203,1.462810754776001,-0.1349324285984039
VGFACE2/n000474/0001_01.jpg,0,-0.8068086504936218,11.303837776184082,12.343180656433104,-0.0199412293732166,-0.1446375250816345
VGFACE2/n000475/0001_02.jpg,0,-0.8639546632766724,2.065368175506592,-35.878719329833984,-0.0099600870162248,-0.0963713228702545
VGFACE2/n000476/0001_01.jpg,0,-0.7212685346603394,2.085298776626587,-10.35841941833496,0.1543670147657394,-0.2898099720478058
VGFACE2/n000477/0001_01.jpg,0,-0.4046015739440918,12.229321479797363,-0.7882804870605469,-0.1310160607099533,-0.2473174333572387
VGFACE2/n000478/0001_01.jpg,0,-0.7069699764251709,-16.261198043823242,-32.91830062866211,0.1487096399068832,0.1346069276332855
VGFACE2/n000479/0001_02.jpg,0,-0.895175576210022,-4.519351959228516,-24.82425308227539,0.0060051511973142,0.1708174496889114
VGFACE2/n000481/0001_01.jpg,0,-2.1973812580108643,13.212394714355469,-12.793532371520996,-0.0081345001235604,-0.2867618501186371
VGFACE2/n000482/0001_01.jpg,0,-1.960032939910889,-9.071208000183104,-29.151729583740234,-0.0844102129340171,-0.180155336856842
VGFACE2/n000483/0001_01.jpg,0,-0.4281929731369018,11.387062072753906,-12.047101020812988,0.8619323968887329,-0.2829047441482544
VGFACE2/n000484/0001_01.jpg,0,-1.0550806522369385,7.837063789367676,-42.037086486816406,-0.0926468297839164,0.1519848704338073
VGFACE2/n000485/0001_01.jpg,0,-2.1682560443878174,9.438130378723145,-28.702104568481445,-1.199221134185791,-0.3358311951160431
VGFACE2/n000486/0001_01.jpg,0,0.2481555640697479,1.5581681728363037,-22.56039810180664,1.7852308750152588,0.2445660233497619
VGFACE2/n000487/0001_01.jpg,0,-0.9845504760742188,10.781304359436035,-37.96916580200195,-0.3826784193515777,-0.2020304501056671
VGFACE2/n000488/0001_01.jpg,0,-0.8894078135490417,8.91184139251709,-12.647496223449709,0.6711434721946716,0.012369830161333
VGFACE2/n000489/0001_01.jpg,0,-1.5325877666473389,11.7692232131958,-8.049362182617188,-0.1651120334863662,-0.3188226222991943
VGFACE2/n000490/0001_01.jpg,0,-1.1266251802444458,9.388879776000977,-30.25489616394043,0.6581183075904846,-0.2537258863449096
VGFACE2/n000491/0001_02.jpg,0,-1.8750969171524048,11.329495429992676,-7.788764953613281,-0.5134559869766235,-0.2842620015144348
VGFACE2/n000492/0001_01.jpg,0,-0.942249357700348,5.178762435913086,-21.04825210571289,0.1018348783254623,-0.2286172062158584
VGFACE2/n000493/0001_01.jpg,0,-0.0261547677218914,6.057638168334961,-33.96546936035156,0.1647342145442962,0.2203855663537979
VGFACE2/n000494/0001_01.jpg,0,0.235890731215477,-10.107552528381348,-29.901416778564453,0.8794289827346802,0.2552308440208435
VGFACE2/n000495/0001_01.jpg,0,-1.572480082511902,13.10898208618164,-37.23994827270508,0.0446698814630508,0.1885784268379211
VGFACE2/n000496/0001_01.jpg,0,-1.954848289489746,-9.14531421661377,-25.612659454345703,1.0959855318069458,-0.2515392303466797
VGFACE2/n000497/0001_01.jpg,0,-1.092567801475525,-17.568449020385742,-21.94460868835449,-0.0309937857091426,-0.2725760638713836
VGFACE2/n000498/0001_01.jpg,0,-1.178591251373291,8.92353343963623,-30.768962860107425,-0.226847231388092,-0.2777669727802276
VGFACE2/n000499/0001_01.jpg,0,-0.0955507308244705,10.799107551574709,3.0272250175476074,0.2554357647895813,-0.1065950393676757
VGFACE2/n000500/0001_01.jpg,0,-0.682510495185852,9.866867065429688,-26.002140045166016,-0.2165194749832153,-0.2757614254951477
VGFACE2/n000501/0001_01.jpg,0,-1.6741267442703247,11.757474899291992,-32.41450881958008,0.1027475297451019,-0.1892442256212234
VGFACE2/n000502/0001_04.jpg,0,-1.4867571592330933,7.931462287902832,-23.39742660522461,-0.3554956912994385,-0.3021039366722107
